{
    "type": "minecraft:crafting_shaped",
     
"pattern": [
        "GGG",
        "GFG",
        "GGG"
    ],
    "key": {
        "F": {
            "item": "minecraft:fire_charge"
        },
		"G": {
            "item": "minecraft:gunpowder"
        }
    },
    "result": {
        "id": "minecraft:clock",
        "count":1,
        "components": {
            "minecraft:custom_model_data": 444453,
            "minecraft:custom_data": {"gz_data":{"bullet_type":14},"HideFlags":32},
            "minecraft:item_name": "{\"translate\": \"ggunz.item.name.bullet_14\",\"color\": \"white\",\"italic\": false}"
          }
    }
}