{
    "type": "minecraft:crafting_shaped",
     
"pattern": [
        "GNG",
        "GIG",
        "GBG"
    ],
    "key": {
        "N": {
            "item": "minecraft:diamond"
        },
        "B": {
            "item": "minecraft:iron_block"
        },
        "I": {
            "item": "minecraft:netherite_ingot"
        },
		"G": {
            "item": "minecraft:tnt"
        }
    },
    "result": {
        "id": "minecraft:clock",
        "count":1,
        "components": {
            "minecraft:custom_model_data": 444452,
            "minecraft:custom_data": {"gz_data":{"bullet_type":11},"HideFlags":32},
            "minecraft:item_name": "{\"translate\": \"ggunz.item.name.bullet_11\",\"color\": \"white\",\"italic\": false}"
          }
    }
}