{
    "type": "minecraft:crafting_shaped",
      
  "pattern": [
        "LTT",
        "RNI",
        "BL "
    ],
    "key": {
        "I": {
            "item": "minecraft:iron_ingot"
        },
        "N": {
            "item": "minecraft:iron_block"
        },
		"B": {
			"item": "minecraft:stone_button"
		},
		"T": {
			"item": "minecraft:iron_trapdoor"
		},
		"R": {
			"item": "minecraft:repeater"
		},
		"L": {
			"tag": "minecraft:logs"
		}
    },
    "result": {
        "id": "minecraft:carrot_on_a_stick",
        "components": {
          "minecraft:custom_model_data": 88895,
          "minecraft:custom_data": {"gz_data":{"capacity":25, "bullets":0, "reload_time":5, "id":23,"debuff":-0.5},"HideFlags":32},
          "minecraft:item_name": "{\"translate\": \"ggunz.item.name.gun_23\",\"color\": \"yellow\",\"italic\": false}",
          "minecraft:lore": [
            "{\"translate\": \"ggunz.item.desc.line1\",\"color\": \"gray\",\"italic\": false}",
            "{\"text\": \"Reload Time: 5s\",\"color\": \"blue\",\"italic\": false}",
            "{\"text\":\"Uses Medium Rounds\"}"
          ]
        }
    }
}