{
    "type": "minecraft:crafting_shaped",
      
  "pattern": [
        "IGI",
        "FBB",
        "FCL"
    ],
    "key": {
        "I": {
            "item": "minecraft:iron_ingot"
        },
		"B": {
			"item": "minecraft:iron_block"
		},
		"L": {
			"item": "minecraft:lever"
		},
		"C": {
			"item": "minecraft:red_concrete"
		},
		"F": {
			"item": "minecraft:fire_charge"
		},
		"G": {
			"item": "minecraft:glass_pane"
		}
    },
    "result": {
		"id": "minecraft:carrot_on_a_stick",
        "components": {
          "minecraft:custom_model_data": 88940,
          "minecraft:custom_data": {"gz_data":{"capacity":1, "bullets":0, "reload_time":2.5, "id":43,"debuff":-200,"sniper":1},"HideFlags":32},
          "minecraft:item_name": "{\"translate\": \"ggunz.item.name.gun_27\",\"color\": \"yellow\",\"italic\": false}",
          "minecraft:lore": [
            "{\"translate\": \"ggunz.item.desc.line1\",\"color\": \"gray\",\"italic\": false}",
            "{\"text\": \"Reload Time: 2.5s\",\"color\": \"blue\",\"italic\": false}",
            "{\"text\":\"Uses Heavy Ammo\"}"
          ]
        }
    }
}