{
    "type": "minecraft:crafting_shaped",
      
  "pattern": [
        "RRI",
        "OIB",
        "ISB"
    ],
    "key": {
        "I": {
            "item": "minecraft:iron_ingot"
        },
        "B": {
            "item": "minecraft:black_concrete"
        },
        "R": {
            "item": "minecraft:red_concrete"
        },
        "O": {
            "item": "minecraft:orange_concrete"
        },
        "S": {
            "item": "minecraft:stone_button"
        }
    },
    "result": {
        "id": "minecraft:carrot_on_a_stick",
        "components": {
          "minecraft:custom_model_data": 88942,
          "minecraft:custom_data": {"gz_data":{"capacity":26, "bullets":0, "reload_time":1.42, "id":45,"debuff":-0.2},"HideFlags":32},
          "minecraft:item_name": "{\"translate\": \"ggunz.item.name.gun_29\",\"color\": \"yellow\",\"italic\": false}",
          "minecraft:lore": [
            "{\"translate\": \"ggunz.item.desc.line1\",\"color\": \"gray\",\"italic\": false}",
            "{\"text\": \"Reload Time: 1.5s\",\"color\": \"blue\",\"italic\": false}",
            "{\"text\":\"Uses Flares\"}"
          ]
        }
    }
}