{
    "type": "minecraft:crafting_shaped",
     
"pattern": [
        "III",
        "RBI",
        " IL"
    ],
    "key": {
        "L": {
            "item": "minecraft:stone_button"
        },
        "I": {
            "item": "minecraft:iron_ingot"
        },
        "B": {
            "item": "minecraft:iron_bars"
        },
        "R": {
            "item": "minecraft:redstone"
        }
    },
    "result": {
        "id": "minecraft:carrot_on_a_stick",
        "components": {
          "minecraft:custom_model_data": 88889,
          "minecraft:custom_data": {"gz_data":{"capacity":50, "bullets":0, "reload_time":3, "id":8,"debuff":-0.5},"HideFlags":32},
          "minecraft:item_name": "{\"translate\": \"ggunz.item.name.gun_8\",\"color\": \"yellow\",\"italic\": false}",
          "minecraft:lore": [
            "{\"translate\": \"ggunz.item.desc.line1\",\"color\": \"gray\",\"italic\": false}",
            "{\"text\": \"Reload Time: 3s\",\"color\": \"blue\",\"italic\": false}",
            "{\"text\":\"Uses Light Rounds\"}"
          ]
        }
    }
}