{
    "type": "minecraft:crafting_shaped",
     
"pattern": [
        "RR ",
        "RIB",
        "  B"
    ],
    "key": {
        "I": {
            "item": "minecraft:iron_ingot"
        },
        "B": {
            "item": "minecraft:black_concrete"
        },
        "R": {
            "item": "minecraft:red_concrete"
        }
    },
    "result": {
        "id": "minecraft:carrot_on_a_stick",
        "components": {
          "minecraft:custom_model_data": 88891,
          "minecraft:custom_data": {"gz_data":{"capacity":6, "bullets":0, "reload_time":5, "id":9,"debuff":-0.5},"HideFlags":32},
          "minecraft:item_name": "{\"translate\": \"ggunz.item.name.gun_9\",\"color\": \"yellow\",\"italic\": false}",
          "minecraft:lore": [
            "{\"translate\": \"ggunz.item.desc.line1\",\"color\": \"gray\",\"italic\": false}",
            "{\"text\": \"Reload Time: 5s\",\"color\": \"blue\",\"italic\": false}",
            "{\"text\":\"Uses Flares\"}"
          ]
        }
    }
}