{
    "type": "minecraft:crafting_shaped",
     
"pattern": [
        "GI ",
        "B I",
        " BG"
    ],
    "key": {
        "I": {
            "item": "minecraft:iron_ingot"
        },
        "G": {
            "item": "minecraft:iron_block"
        },
		"B": {
			"item": "minecraft:stone_button"
		}
    },
    "result": {
        "id": "minecraft:carrot_on_a_stick",
        "components": {
          "minecraft:custom_model_data": 88900,
          "minecraft:custom_data": {"gz_data":{"capacity":18, "bullets":0, "reload_time":4, "id":15,"debuff":-0.5},"HideFlags":32},
          "minecraft:item_name": "{\"translate\": \"ggunz.item.name.gun_15\",\"color\": \"yellow\",\"italic\": false}",
          "minecraft:lore": [
            "{\"translate\": \"ggunz.item.desc.line1\",\"color\": \"gray\",\"italic\": false}",
            "{\"text\": \"Reload Time: 4s\",\"color\": \"blue\",\"italic\": false}",
            "{\"text\":\"Uses Bullets\"}"
          ]
        }
    }
}