{
  "type": "minecraft:crafting_shapeless",
  
  "ingredients": [
    {
      "item": "minecraft:black_wool"
    },
    {
      "item": "minecraft:book"
    }
  ],
  "result": {
    "id": "minecraft:written_book",
    "components": {
      "minecraft:lore": [
        "{\"text\": \"Guns and Ammo Recipes for Guns++\",\"italic\": false}"
      ],
      "minecraft:written_book_content": {
        "title": "Guns++ Recipes",
        "author": "ThePatriotsFan",
        "generation": 0,
        "pages": [
          "[[\"\",{\"text\":\"         GUNS        \",\"color\":\"dark_green\",\"underlined\":true},\"\\n\",{\"text\":\"Revolver           \",\"hoverEvent\":{\"action\":\"show_text\",\"contents\":\"䙔\"}},\"  \\n\",{\"text\":\"Musket             \",\"hoverEvent\":{\"action\":\"show_text\",\"contents\":\"䙕\"}},\"\\n\",{\"text\":\"Laser Minigun      \",\"hoverEvent\":{\"action\":\"show_text\",\"contents\":\"䙖\"}},\"\\n\",{\"text\":\"Tommy Gun          \",\"hoverEvent\":{\"action\":\"show_text\",\"contents\":\"䙗\"}},\"\\n\",{\"text\":\"Pump Shotgun       \",\"hoverEvent\":{\"action\":\"show_text\",\"contents\":\"䙘\"}},\"\\n\",{\"text\":\"P90                \",\"hoverEvent\":{\"action\":\"show_text\",\"contents\":\"䙙\"}},\"\\n\",{\"text\":\"Flare Gun          \",\"hoverEvent\":{\"action\":\"show_text\",\"contents\":\"䙚\"}},\"\\n\",{\"text\":\"M1 Garand          \",\"hoverEvent\":{\"action\":\"show_text\",\"contents\":\"䙛\"}},\"\\n\",{\"text\":\"AWP                \",\"hoverEvent\":{\"action\":\"show_text\",\"contents\":\"䙜\"}},\"\\n\",{\"text\":\"Supersizer         \",\"hoverEvent\":{\"action\":\"show_text\",\"contents\":\"䙝\"}},\"\\n\",{\"text\":\"Shrink Ray         \",\"hoverEvent\":{\"action\":\"show_text\",\"contents\":\"䙞\"}},\"\\n\",{\"text\":\"Dragon Shotgun     \",\"hoverEvent\":{\"action\":\"show_text\",\"contents\":\"䙟\"}},\"\\n\",{\"text\":\"Dualies            \",\"hoverEvent\":{\"action\":\"show_text\",\"contents\":\"䙠\"}}]]",
          "[[\"\",{\"text\":\"AR-15              \",\"hoverEvent\":{\"action\":\"show_text\",\"contents\":\"䙡\"}},\"\\n\",{\"text\":\"44 Magnum          \",\"hoverEvent\":{\"action\":\"show_text\",\"contents\":\"䙢\"}},\"\\n\",{\"text\":\"Glock              \",\"hoverEvent\":{\"action\":\"show_text\",\"contents\":\"䙣\"}},\"\\n\",{\"text\":\"Rocket Launcher    \",\"hoverEvent\":{\"action\":\"show_text\",\"contents\":\"䙤\"}},\"\\n\",{\"text\":\"Tactical AR        \",\"hoverEvent\":{\"action\":\"show_text\",\"contents\":\"䙥\"}},\"\\n\",{\"text\":\"Hunting Rifle      \",\"hoverEvent\":{\"action\":\"show_text\",\"contents\":\"䙦\"}},\"\\n\",{\"text\":\"SGG08              \",\"hoverEvent\":{\"action\":\"show_text\",\"contents\":\"䙧\"}},\"\\n\",{\"text\":\"AK-47              \",\"hoverEvent\":{\"action\":\"show_text\",\"contents\":\"䙨\"}},\"\\n\",{\"text\":\"Light Machine Gun  \",\"hoverEvent\":{\"action\":\"show_text\",\"contents\":\"䙩\"}},\"\\n\",{\"text\":\"Tesla Gun          \",\"hoverEvent\":{\"action\":\"show_text\",\"contents\":\"䙪\"}},\"\\n\",{\"text\":\"Desert Eagle       \",\"hoverEvent\":{\"action\":\"show_text\",\"contents\":\"䙫\"}},\"\\n\",{\"text\":\"Dragon Breath Sniper\",\"hoverEvent\":{\"action\":\"show_text\",\"contents\":\"䙶\"}},\"\\n\",{\"text\":\"M32 Grenade Launcher\",\"hoverEvent\":{\"action\":\"show_text\",\"contents\":\"䙷\"}}]]",
          "[[\"\",{\"text\":\"Rapid Fire Flare Gun\",\"hoverEvent\":{\"action\":\"show_text\",\"contents\":\"䙸\"}},\"\\n\",{\"text\":\"Automatic Sniper Rifle\",\"hoverEvent\":{\"action\":\"show_text\",\"contents\":\"䙹\"}},\"\\n\",{\"text\":\"Longarm Enforcer   \",\"hoverEvent\":{\"action\":\"show_text\",\"contents\":\"䙺\"}},\"\\n\",{\"text\":\"Dragon Drum Shotgun\",\"hoverEvent\":{\"action\":\"show_text\",\"contents\":\"䙺\"}},\"\\n\",{\"text\":\"Quad Launcher      \",\"hoverEvent\":{\"action\":\"show_text\",\"contents\":\"䙼\"}},\"\\n\",{\"text\":\"Tactical Shotgun   \",\"hoverEvent\":{\"action\":\"show_text\",\"contents\":\"䙽\"}},\"\\n\\n \\n\",{\"text\":\"Suppressor         \",\"hoverEvent\":{\"action\":\"show_text\",\"contents\":\"䙾\"}},\" \\n\",{\"text\":\"Laser Sight        \",\"hoverEvent\":{\"action\":\"show_text\",\"contents\":\"䙿\"}},\" \"]]",
          "[[\"\",{\"text\":\"        AMMO        \",\"color\":\"gold\",\"underlined\":true},\"\\n\",{\"text\":\"Bullets             \",\"hoverEvent\":{\"action\":\"show_text\",\"contents\":\"䙬\"}},\"\\n\",{\"text\":\"Shotgun Shells      \",\"hoverEvent\":{\"action\":\"show_text\",\"contents\":\"䙭\"}},\"\\n\",{\"text\":\"Musket Balls        \",\"hoverEvent\":{\"action\":\"show_text\",\"contents\":\"䙮\"}},\"\\n\",{\"text\":\"Medium Rounds       \",\"hoverEvent\":{\"action\":\"show_text\",\"contents\":\"䙯\"}},\"\\n\",{\"text\":\"Light Rounds        \",\"hoverEvent\":{\"action\":\"show_text\",\"contents\":\"䙰\"}},\"\\n\",{\"text\":\"Flares              \",\"hoverEvent\":{\"action\":\"show_text\",\"contents\":\"䙱\"}},\"\\n\",{\"text\":\"Heavy Ammo          \",\"hoverEvent\":{\"action\":\"show_text\",\"contents\":\"䙲\"}},\"\\n\",{\"text\":\"Dragon Shells        \",\"hoverEvent\":{\"action\":\"show_text\",\"contents\":\"䙳\"}},\"\\n\",{\"text\":\"Rockets              \",\"hoverEvent\":{\"action\":\"show_text\",\"contents\":\"䙴\"}},\"\\n\",{\"text\":\"Desert Eagle Rounds\",\"hoverEvent\":{\"action\":\"show_text\",\"contents\":\"䙵\"}},\"  \"]]",
          "[[\"To attach the suppressors or the laser sights, throw the gun and the scope at the ground together\\n\\n\",{\"text\":\"List of Suppressable Guns\",\"hoverEvent\":{\"action\":\"show_text\",\"contents\":[\"M1 Garand     \\nAWP     \\nDualies     \\nAssault Rifle     \\n44 Magnum     \\nGlock     \\nTactical Assault Rifle     \\nHunting Rifle     \\nSGG08     \\nAK-47\"]}},\"\\n\\n\",{\"text\":\"List of Laser Sightable Guns\",\"hoverEvent\":{\"action\":\"show_text\",\"contents\":[\"AWP     \\nHunting Rifle     \\nSGG08\"]}}]]"
        ],
        "resolved": true
      }
    }
  }
}
